match_id,season_year,match_date,venue_name,venue_city,team1,team2,toss_winner,toss_decision,winner,win_margin_runs,win_margin_wickets,is_tie,decided_by_super_over,is_dls_affected,status,player_of_match
1075986,2017,2017-02-09,Dubai International Cricket Stadium,Dubai,Islamabad United,Peshawar Zalmi,Islamabad United,bowl,Islamabad United,,7,False,False,True,completed,b0c772ee
1075987,2017,2017-02-10,Dubai International Cricket Stadium,Dubai,Lahore Qalandars,Quetta Gladiators,Lahore Qalandars,bowl,Quetta Gladiators,8,,False,False,False,completed,486065b3
1075988,2017,2017-02-10,Dubai International Cricket Stadium,Dubai,Karachi Kings,Peshawar Zalmi,Peshawar Zalmi,bowl,Peshawar Zalmi,,7,False,False,False,completed,d2a6c0e6
1075989,2017,2017-02-11,Dubai International Cricket Stadium,Dubai,Islamabad United,Lahore Qalandars,Lahore Qalandars,bowl,Lahore Qalandars,,6,False,False,False,completed,d1c36f5c
1075990,2017,2017-02-11,Dubai International Cricket Stadium,Dubai,Karachi Kings,Quetta Gladiators,Quetta Gladiators,bowl,Quetta Gladiators,,7,False,False,False,completed,cad00a4d
1075991,2017,2017-02-12,Dubai International Cricket Stadium,Dubai,Lahore Qalandars,Peshawar Zalmi,Peshawar Zalmi,bowl,Peshawar Zalmi,,3,False,False,False,completed,f2800ef3
1075992,2017,2017-02-15,Sharjah Cricket Stadium,Sharjah,Islamabad United,Quetta Gladiators,Islamabad United,bowl,Islamabad United,,5,False,False,False,completed,c16d4035
1075993,2017,2017-02-16,Sharjah Cricket Stadium,Sharjah,Karachi Kings,Lahore Qalandars,Karachi Kings,bowl,Lahore Qalandars,7,,False,False,False,completed,1777c020
1075994,2017,2017-02-17,Sharjah Cricket Stadium,Sharjah,Peshawar Zalmi,Quetta Gladiators,Quetta Gladiators,bowl,,,,False,False,False,no_result,
1075995,2017,2017-02-17,Sharjah Cricket Stadium,Sharjah,Islamabad United,Karachi Kings,Karachi Kings,bowl,Karachi Kings,8,,False,False,True,completed,8a75e999
1075996,2017,2017-02-18,Sharjah Cricket Stadium,Sharjah,Lahore Qalandars,Quetta Gladiators,Quetta Gladiators,bowl,Quetta Gladiators,,5,False,False,False,completed,39f01cdb
1075997,2017,2017-02-18,Sharjah Cricket Stadium,Sharjah,Islamabad United,Peshawar Zalmi,Islamabad United,bowl,Islamabad United,,5,False,False,False,completed,68ddabdb
1075998,2017,2017-02-19,Sharjah Cricket Stadium,Sharjah,Karachi Kings,Peshawar Zalmi,Peshawar Zalmi,bowl,Karachi Kings,9,,False,False,False,completed,64c34cd0
1075999,2017,2017-02-20,Sharjah Cricket Stadium,Sharjah,Islamabad United,Lahore Qalandars,Lahore Qalandars,bowl,Lahore Qalandars,,1,False,False,False,completed,fd2bf2a0
1076000,2017,2017-02-23,Dubai International Cricket Stadium,Dubai,Karachi Kings,Quetta Gladiators,Quetta Gladiators,bowl,Quetta Gladiators,,6,False,False,False,completed,bf1d7d3e
1076001,2017,2017-02-24,Dubai International Cricket Stadium,Dubai,Lahore Qalandars,Peshawar Zalmi,Peshawar Zalmi,bat,Peshawar Zalmi,17,,False,False,False,completed,7dc35884
1076002,2017,2017-02-24,Dubai International Cricket Stadium,Dubai,Islamabad United,Quetta Gladiators,Quetta Gladiators,bowl,Islamabad United,1,,False,False,False,completed,68ddabdb
1076003,2017,2017-02-25,Dubai International Cricket Stadium,Dubai,Karachi Kings,Lahore Qalandars,Karachi Kings,bowl,Karachi Kings,,5,False,False,False,completed,a757b0d8
1076004,2017,2017-02-25,Dubai International Cricket Stadium,Dubai,Peshawar Zalmi,Quetta Gladiators,Peshawar Zalmi,bowl,Peshawar Zalmi,,2,False,False,False,completed,574665e2
1076005,2017,2017-02-26,Dubai International Cricket Stadium,Dubai,Islamabad United,Karachi Kings,Karachi Kings,bowl,Karachi Kings,,6,False,False,False,completed,db584dad
1076006,2017,2017-02-28,Sharjah Cricket Stadium,Sharjah,Quetta Gladiators,Peshawar Zalmi,Peshawar Zalmi,bowl,Quetta Gladiators,1,,False,False,False,completed,f8fd6e3f
1076007,2017,2017-03-01,Sharjah Cricket Stadium,Sharjah,Karachi Kings,Islamabad United,Islamabad United,bowl,Karachi Kings,44,,False,False,False,completed,9cb8d7a6
1076008,2017,2017-03-03,Dubai International Cricket Stadium,Dubai,Peshawar Zalmi,Karachi Kings,Karachi Kings,bowl,Peshawar Zalmi,24,,False,False,False,completed,ff077124
1076009,2017,2017-03-05,Gaddafi Stadium,Lahore,Peshawar Zalmi,Quetta Gladiators,Quetta Gladiators,bowl,Peshawar Zalmi,58,,False,False,False,completed,c03c6200
1128818,2018,2018-02-22,Dubai International Cricket Stadium,Dubai,Peshawar Zalmi,Multan Sultans,Multan Sultans,bowl,Multan Sultans,,7,False,False,False,completed,6b71e6cf
1128819,2018,2018-02-23,Dubai International Cricket Stadium,Dubai,Karachi Kings,Quetta Gladiators,Karachi Kings,bat,Karachi Kings,19,,False,False,False,completed,c995d726
1128820,2018,2018-02-23,Dubai International Cricket Stadium,Dubai,Multan Sultans,Lahore Qalandars,Lahore Qalandars,bowl,Multan Sultans,43,,False,False,False,completed,acee4cc4
1128821,2018,2018-02-24,Dubai International Cricket Stadium,Dubai,Islamabad United,Peshawar Zalmi,Islamabad United,bowl,Peshawar Zalmi,34,,False,False,False,completed,f69f1d8a
1128822,2018,2018-02-24,Dubai International Cricket Stadium,Dubai,Quetta Gladiators,Lahore Qalandars,Quetta Gladiators,bowl,Quetta Gladiators,,9,False,False,False,completed,3086f7a4
1128823,2018,2018-02-25,Dubai International Cricket Stadium,Dubai,Multan Sultans,Islamabad United,Islamabad United,bowl,Islamabad United,,5,False,False,False,completed,bb4b445b
1128824,2018,2018-02-25,Dubai International Cricket Stadium,Dubai,Karachi Kings,Peshawar Zalmi,Peshawar Zalmi,bat,Karachi Kings,,5,False,False,False,completed,35205dfc
1128825,2018,2018-02-26,Dubai International Cricket Stadium,Dubai,Karachi Kings,Lahore Qalandars,Karachi Kings,bat,Karachi Kings,27,,False,False,False,completed,0dc00542
1128826,2018,2018-02-28,Sharjah Cricket Stadium,Sharjah,Islamabad United,Quetta Gladiators,Quetta Gladiators,bowl,Quetta Gladiators,,6,False,False,False,completed,39f01cdb
1128827,2018,2018-03-01,Sharjah Cricket Stadium,Sharjah,Quetta Gladiators,Peshawar Zalmi,Peshawar Zalmi,bowl,Peshawar Zalmi,,5,False,False,False,completed,c03c6200
1128829,2018,2018-03-02,Sharjah Cricket Stadium,Sharjah,Lahore Qalandars,Islamabad United,Lahore Qalandars,bowl,Islamabad United,,,True,True,False,completed,68ddabdb
1128830,2018,2018-03-03,Sharjah Cricket Stadium,Sharjah,Multan Sultans,Quetta Gladiators,Multan Sultans,bowl,Multan Sultans,,9,False,False,False,completed,64d43928
1128831,2018,2018-03-03,Sharjah Cricket Stadium,Sharjah,Peshawar Zalmi,Lahore Qalandars,Lahore Qalandars,bat,Peshawar Zalmi,,10,False,False,False,completed,4a461c24
1128832,2018,2018-03-04,Sharjah Cricket Stadium,Sharjah,Islamabad United,Karachi Kings,Islamabad United,bowl,Islamabad United,,8,False,False,False,completed,0fa5042b
1128833,2018,2018-03-06,Dubai International Cricket Stadium,Dubai,Peshawar Zalmi,Multan Sultans,Peshawar Zalmi,bowl,Multan Sultans,19,,False,False,False,completed,b98b5e1c
1128834,2018,2018-03-07,Dubai International Cricket Stadium,Dubai,Multan Sultans,Quetta Gladiators,Quetta Gladiators,bowl,Quetta Gladiators,,2,False,False,False,completed,16dfcc19
1128835,2018,2018-03-08,Dubai International Cricket Stadium,Dubai,Islamabad United,Lahore Qalandars,Islamabad United,bowl,Islamabad United,,6,False,False,False,completed,0fa5042b
1128836,2018,2018-03-08,Dubai International Cricket Stadium,Dubai,Karachi Kings,Quetta Gladiators,Karachi Kings,bowl,Quetta Gladiators,67,,False,False,False,completed,4329fbb5
1128837,2018,2018-03-09,Dubai International Cricket Stadium,Dubai,Multan Sultans,Lahore Qalandars,Multan Sultans,bat,Lahore Qalandars,,6,False,False,False,completed,45a7e761
1128838,2018,2018-03-09,Dubai International Cricket Stadium,Dubai,Peshawar Zalmi,Islamabad United,Peshawar Zalmi,bowl,Islamabad United,26,,False,False,False,completed,2e8994e7
1128839,2018,2018-03-10,Dubai International Cricket Stadium,Dubai,Multan Sultans,Karachi Kings,Multan Sultans,bowl,Karachi Kings,63,,False,False,False,completed,0dc00542
1128840,2018,2018-03-10,Dubai International Cricket Stadium,Dubai,Peshawar Zalmi,Quetta Gladiators,Quetta Gladiators,bowl,Quetta Gladiators,,6,False,False,False,completed,2254ab79
1128841,2018,2018-03-11,Dubai International Cricket Stadium,Dubai,Karachi Kings,Lahore Qalandars,Lahore Qalandars,bowl,Lahore Qalandars,,,True,True,False,completed,89c16049
1128842,2018,2018-03-13,Sharjah Cricket Stadium,Sharjah,Multan Sultans,Islamabad United,Multan Sultans,bowl,Islamabad United,33,,False,False,False,completed,0fa5042b
1128843,2018,2018-03-14,Sharjah Cricket Stadium,Sharjah,Quetta Gladiators,Lahore Qalandars,Quetta Gladiators,bowl,Lahore Qalandars,17,,False,False,False,completed,1777c020
1128844,2018,2018-03-15,Sharjah Cricket Stadium,Sharjah,Peshawar Zalmi,Karachi Kings,Peshawar Zalmi,bat,Peshawar Zalmi,44,,False,False,False,completed,ff077124
1128845,2018,2018-03-15,Sharjah Cricket Stadium,Sharjah,Quetta Gladiators,Islamabad United,Quetta Gladiators,bat,Islamabad United,,6,False,False,False,completed,2e8994e7
1128846,2018,2018-03-16,Sharjah Cricket Stadium,Sharjah,Peshawar Zalmi,Lahore Qalandars,Lahore Qalandars,bat,Peshawar Zalmi,,7,False,False,False,completed,ff077124
1128847,2018,2018-03-16,Sharjah Cricket Stadium,Sharjah,Islamabad United,Karachi Kings,Karachi Kings,bowl,Karachi Kings,,7,False,False,False,completed,f0e722e0
1128848,2018,2018-03-18,Dubai International Cricket Stadium,Dubai,Islamabad United,Karachi Kings,Karachi Kings,bat,Islamabad United,,8,False,False,False,completed,0fa5042b
1128849,2018,2018-03-20,Gaddafi Stadium,Lahore,Peshawar Zalmi,Quetta Gladiators,Quetta Gladiators,bowl,Peshawar Zalmi,1,,False,False,False,completed,2911de16
1128850,2018,2018-03-21,Gaddafi Stadium,Lahore,Karachi Kings,Peshawar Zalmi,Karachi Kings,bowl,Peshawar Zalmi,13,,False,False,False,completed,ff077124
1128851,2018,2018-03-25,National Stadium,Karachi,Islamabad United,Peshawar Zalmi,Peshawar Zalmi,bat,Islamabad United,,3,False,False,False,completed,0fa5042b
1168820,2019,2019-02-14,Dubai International Cricket Stadium,Dubai,Islamabad United,Lahore Qalandars,Islamabad United,bowl,Islamabad United,,5,False,False,False,completed,bd4ea627
1168821,2019,2019-02-15,Dubai International Cricket Stadium,Dubai,Karachi Kings,Multan Sultans,Karachi Kings,bat,Karachi Kings,7,,False,False,False,completed,50c6bc2b
1168822,2019,2019-02-15,Dubai International Cricket Stadium,Dubai,Peshawar Zalmi,Quetta Gladiators,Quetta Gladiators,bowl,Quetta Gladiators,,6,False,False,False,completed,fd2bf2a0
1168823,2019,2019-02-16,Dubai International Cricket Stadium,Dubai,Islamabad United,Multan Sultans,Multan Sultans,bowl,Multan Sultans,,5,False,False,False,completed,7873a628
1168824,2019,2019-02-16,Dubai International Cricket Stadium,Dubai,Karachi Kings,Lahore Qalandars,Karachi Kings,bowl,Lahore Qalandars,22,,False,False,False,completed,24bb1c2f
1168825,2019,2019-02-17,Dubai International Cricket Stadium,Dubai,Islamabad United,Quetta Gladiators,Quetta Gladiators,bowl,Quetta Gladiators,,7,False,False,False,completed,4329fbb5
1168826,2019,2019-02-17,Dubai International Cricket Stadium,Dubai,Lahore Qalandars,Peshawar Zalmi,Peshawar Zalmi,bowl,Peshawar Zalmi,,7,False,False,False,completed,2911de16
1168827,2019,2019-02-20,Sharjah Cricket Stadium,Sharjah,Multan Sultans,Quetta Gladiators,Quetta Gladiators,bowl,Quetta Gladiators,,8,False,False,False,completed,4329fbb5
1168828,2019,2019-02-21,Sharjah Cricket Stadium,Sharjah,Karachi Kings,Peshawar Zalmi,Karachi Kings,bowl,Peshawar Zalmi,44,,False,False,False,completed,40c041ea
1168829,2019,2019-02-22,Sharjah Cricket Stadium,Sharjah,Lahore Qalandars,Multan Sultans,Lahore Qalandars,bowl,Lahore Qalandars,,6,False,False,False,completed,c4487b84
1168830,2019,2019-02-22,Sharjah Cricket Stadium,Sharjah,Islamabad United,Peshawar Zalmi,Peshawar Zalmi,bowl,Islamabad United,12,,False,False,False,completed,68ddabdb
1168831,2019,2019-02-23,Sharjah Cricket Stadium,Sharjah,Lahore Qalandars,Quetta Gladiators,Quetta Gladiators,bowl,Quetta Gladiators,,3,False,False,False,completed,2254ab79
1168832,2019,2019-02-23,Sharjah Cricket Stadium,Sharjah,Islamabad United,Karachi Kings,Islamabad United,bowl,Islamabad United,,7,False,False,False,completed,0fa5042b
1168833,2019,2019-02-24,Sharjah Cricket Stadium,Sharjah,Multan Sultans,Peshawar Zalmi,Peshawar Zalmi,bowl,Peshawar Zalmi,,5,False,False,False,completed,2911de16
1168834,2019,2019-02-24,Sharjah Cricket Stadium,Sharjah,Karachi Kings,Quetta Gladiators,Karachi Kings,bowl,Karachi Kings,,6,False,False,False,completed,c995d726
1168835,2019,2019-02-26,Dubai International Cricket Stadium,Dubai,Islamabad United,Multan Sultans,Multan Sultans,bowl,Multan Sultans,,6,False,False,False,completed,2a2e6343
1168836,2019,2019-02-27,Dubai International Cricket Stadium,Dubai,Lahore Qalandars,Quetta Gladiators,Lahore Qalandars,bowl,Lahore Qalandars,,8,False,False,False,completed,
1168837,2019,2019-02-27,Dubai International Cricket Stadium,Dubai,Islamabad United,Karachi Kings,Islamabad United,bowl,Islamabad United,,5,False,False,False,completed,0a4736eb
1168838,2019,2019-02-28,Dubai International Cricket Stadium,Dubai,Multan Sultans,Peshawar Zalmi,Peshawar Zalmi,bowl,Peshawar Zalmi,,7,False,False,False,completed,a757b0d8
1168839,2019,2019-02-28,Dubai International Cricket Stadium,Dubai,Karachi Kings,Lahore Qalandars,Karachi Kings,bowl,Karachi Kings,,5,False,False,False,completed,29e253dd
1168840,2019,2019-03-01,Dubai International Cricket Stadium,Dubai,Islamabad United,Peshawar Zalmi,Peshawar Zalmi,bowl,Peshawar Zalmi,,4,False,False,False,completed,4a461c24
1168841,2019,2019-03-01,Dubai International Cricket Stadium,Dubai,Multan Sultans,Quetta Gladiators,Quetta Gladiators,bowl,Quetta Gladiators,,6,False,False,False,completed,87e562a9
1168842,2019,2019-03-04,Sheikh Zayed Stadium,Abu Dhabi,Peshawar Zalmi,Quetta Gladiators,Quetta Gladiators,bowl,Quetta Gladiators,,8,False,False,False,completed,4329fbb5
1168843,2019,2019-03-04,Sheikh Zayed Stadium,Abu Dhabi,Karachi Kings,Multan Sultans,Karachi Kings,bowl,Karachi Kings,,5,False,False,False,completed,f0e722e0
1168844,2019,2019-03-05,Sheikh Zayed Stadium,Abu Dhabi,Lahore Qalandars,Peshawar Zalmi,Peshawar Zalmi,bowl,Peshawar Zalmi,,4,False,False,False,completed,7eae4418
1168845,2019,2019-03-05,Sheikh Zayed Stadium,Abu Dhabi,Islamabad United,Quetta Gladiators,Islamabad United,bowl,Quetta Gladiators,43,,False,False,False,completed,f8fd6e3f
1168846,2019,2019-03-11,National Stadium,Karachi,Karachi Kings,Peshawar Zalmi,Karachi Kings,bowl,Peshawar Zalmi,61,,False,False,False,completed,ff077124
1168847,2019,2019-03-09,National Stadium,Karachi,Lahore Qalandars,Islamabad United,Lahore Qalandars,bowl,Islamabad United,49,,False,False,False,completed,afa78c3a
1168848,2019,2019-03-10,National Stadium,Karachi,Karachi Kings,Quetta Gladiators,Quetta Gladiators,bowl,Karachi Kings,1,,False,False,False,completed,f0e722e0
1168849,2019,2019-03-11,National Stadium,Karachi,Lahore Qalandars,Multan Sultans,Multan Sultans,bowl,Multan Sultans,,7,False,False,False,completed,a089f93f
1168850,2019,2019-03-14,National Stadium,Karachi,Islamabad United,Karachi Kings,Karachi Kings,bat,Islamabad United,,4,False,False,False,completed,92aeac25
1168851,2019,2019-03-13,National Stadium,Karachi,Peshawar Zalmi,Quetta Gladiators,Peshawar Zalmi,bowl,Quetta Gladiators,10,,False,False,False,completed,4329fbb5
1168852,2019,2019-03-15,National Stadium,Karachi,Islamabad United,Peshawar Zalmi,Islamabad United,bowl,Peshawar Zalmi,48,,False,False,False,completed,ff077124
1168853,2019,2019-03-17,National Stadium,Karachi,Quetta Gladiators,Peshawar Zalmi,Quetta Gladiators,bowl,Quetta Gladiators,,8,False,False,False,completed,8596fe80
1211642,2020,2020-02-20,National Stadium,Karachi,Islamabad United,Quetta Gladiators,Quetta Gladiators,bowl,Quetta Gladiators,,3,False,False,False,completed,8596fe80
1211643,2020,2020-02-21,National Stadium,Karachi,Karachi Kings,Peshawar Zalmi,Peshawar Zalmi,bowl,Karachi Kings,10,,False,False,False,completed,8a75e999
1211644,2020,2020-02-21,Gaddafi Stadium,Lahore,Lahore Qalandars,Multan Sultans,Multan Sultans,bowl,Multan Sultans,,5,False,False,False,completed,acee4cc4
1211645,2020,2020-02-22,National Stadium,Karachi,Peshawar Zalmi,Quetta Gladiators,Peshawar Zalmi,bowl,Peshawar Zalmi,,6,False,False,False,completed,ff077124
1211646,2020,2020-02-22,Gaddafi Stadium,Lahore,Islamabad United,Multan Sultans,Islamabad United,bowl,Islamabad United,,8,False,False,False,completed,0fa5042b
1211647,2020,2020-02-23,National Stadium,Karachi,Karachi Kings,Quetta Gladiators,Karachi Kings,bat,Quetta Gladiators,,5,False,False,False,completed,ee8f1a6d
1211648,2020,2020-02-23,Gaddafi Stadium,Lahore,Lahore Qalandars,Islamabad United,Islamabad United,bowl,Islamabad United,,1,False,False,False,completed,9de62878
1211649,2020,2020-02-26,Multan Cricket Stadium,Multan,Multan Sultans,Peshawar Zalmi,Multan Sultans,bowl,Multan Sultans,,6,False,False,False,completed,64d43928
1211650,2020,2020-02-27,Rawalpindi Cricket Stadium,Rawalpindi,Islamabad United,Quetta Gladiators,Quetta Gladiators,bowl,Quetta Gladiators,,5,False,False,False,completed,2e11c706
1211651,2020,2020-02-28,Multan Cricket Stadium,Multan,Multan Sultans,Karachi Kings,Karachi Kings,bowl,Multan Sultans,52,,False,False,False,completed,bb351c23
1211652,2020,2020-02-28,Rawalpindi Cricket Stadium,Rawalpindi,Lahore Qalandars,Peshawar Zalmi,Lahore Qalandars,bowl,Peshawar Zalmi,16,,False,False,False,completed,06c2de82
1211653,2020,2020-02-29,Multan Cricket Stadium,Multan,Multan Sultans,Quetta Gladiators,Multan Sultans,bat,Multan Sultans,30,,False,False,False,completed,cad00a4d
1211655,2020,2020-03-01,Rawalpindi Cricket Stadium,Rawalpindi,Islamabad United,Karachi Kings,Karachi Kings,bowl,Karachi Kings,,5,False,False,False,completed,92aeac25
1211656,2020,2020-03-02,Rawalpindi Cricket Stadium,Rawalpindi,Karachi Kings,Peshawar Zalmi,Karachi Kings,bowl,Karachi Kings,,6,False,False,False,completed,e174dadd
1211657,2020,2020-03-03,Gaddafi Stadium,Lahore,Lahore Qalandars,Quetta Gladiators,Quetta Gladiators,bowl,Lahore Qalandars,37,,False,False,False,completed,272d796e
1211658,2020,2020-03-04,Gaddafi Stadium,Lahore,Lahore Qalandars,Islamabad United,Lahore Qalandars,bowl,Islamabad United,71,,False,False,False,completed,af2c687b
1211659,2020,2020-03-05,Rawalpindi Cricket Stadium,Rawalpindi,Peshawar Zalmi,Quetta Gladiators,Quetta Gladiators,bowl,Peshawar Zalmi,30,,False,False,False,completed,64c34cd0
1211660,2020,2020-03-06,Gaddafi Stadium,Lahore,Karachi Kings,Multan Sultans,Karachi Kings,bowl,,,,False,False,False,no_result,
1211661,2020,2020-03-07,Rawalpindi Cricket Stadium,Rawalpindi,Islamabad United,Peshawar Zalmi,Peshawar Zalmi,bowl,Peshawar Zalmi,7,,False,False,True,completed,9de62878
1211662,2020,2020-03-07,Gaddafi Stadium,Lahore,Lahore Qalandars,Quetta Gladiators,Lahore Qalandars,bowl,Lahore Qalandars,,8,False,False,False,completed,18fac429
1211663,2020,2020-03-08,Rawalpindi Cricket Stadium,Rawalpindi,Islamabad United,Multan Sultans,Multan Sultans,bowl,Multan Sultans,,9,False,False,False,completed,a15618fe
1211664,2020,2020-03-08,Gaddafi Stadium,Lahore,Lahore Qalandars,Karachi Kings,Lahore Qalandars,bowl,Lahore Qalandars,,8,False,False,False,completed,272d796e
1211665,2020,2020-03-10,Gaddafi Stadium,Lahore,Lahore Qalandars,Peshawar Zalmi,Lahore Qalandars,bowl,Lahore Qalandars,,5,False,False,False,completed,1777c020
1211667,2020,2020-03-12,National Stadium,Karachi,Karachi Kings,Lahore Qalandars,Karachi Kings,bowl,Karachi Kings,,10,False,False,False,completed,193ef196
1211668,2020,2020-03-13,National Stadium,Karachi,Multan Sultans,Peshawar Zalmi,Peshawar Zalmi,bowl,Multan Sultans,3,,False,False,False,completed,4b345629
1211669,2020,2020-03-14,National Stadium,Karachi,Karachi Kings,Islamabad United,Karachi Kings,bowl,Karachi Kings,,4,False,False,False,completed,193ef196
1211670,2020,2020-03-15,Gaddafi Stadium,Lahore,Lahore Qalandars,Multan Sultans,Lahore Qalandars,bowl,Lahore Qalandars,,9,False,False,False,completed,45eda7c8
1211671,2020,2020-03-15,National Stadium,Karachi,Karachi Kings,Quetta Gladiators,Karachi Kings,bat,Quetta Gladiators,,5,False,False,False,completed,4329fbb5
1211672,2020,2020-11-14,National Stadium,Karachi,Multan Sultans,Karachi Kings,Karachi Kings,bowl,Karachi Kings,,,True,True,False,completed,8a75e999
1211673,2020,2020-11-14,National Stadium,Karachi,Peshawar Zalmi,Lahore Qalandars,Lahore Qalandars,bowl,Lahore Qalandars,,5,False,False,False,completed,9ab63e7b
1211675,2020,2020-11-15,National Stadium,Karachi,Lahore Qalandars,Multan Sultans,Multan Sultans,bowl,Lahore Qalandars,25,,False,False,False,completed,aa8d28ae
1231146,2020,2020-11-17,National Stadium,Karachi,Lahore Qalandars,Karachi Kings,Lahore Qalandars,bat,Karachi Kings,,5,False,False,False,completed,8a75e999
1247011,2021,2021-02-20,National Stadium,Karachi,Quetta Gladiators,Karachi Kings,Karachi Kings,bowl,Karachi Kings,,7,False,False,False,completed,ed031922
1247012,2021,2021-02-21,National Stadium,Karachi,Peshawar Zalmi,Lahore Qalandars,Lahore Qalandars,bowl,Lahore Qalandars,,4,False,False,False,completed,45a7e761
1247013,2021,2021-02-21,National Stadium,Karachi,Multan Sultans,Islamabad United,Islamabad United,bowl,Islamabad United,,3,False,False,False,completed,06c2de82
1247014,2021,2021-02-22,National Stadium,Karachi,Quetta Gladiators,Lahore Qalandars,Lahore Qalandars,bowl,Lahore Qalandars,,9,False,False,False,completed,1777c020
1247015,2021,2021-02-23,National Stadium,Karachi,Multan Sultans,Peshawar Zalmi,Peshawar Zalmi,bowl,Peshawar Zalmi,,6,False,False,False,completed,f836b33d
1247016,2021,2021-02-24,National Stadium,Karachi,Karachi Kings,Islamabad United,Islamabad United,bowl,Islamabad United,,5,False,False,False,completed,92aeac25
1247017,2021,2021-02-26,National Stadium,Karachi,Lahore Qalandars,Multan Sultans,Multan Sultans,bowl,Multan Sultans,,7,False,False,False,completed,2f26ac1a
1247018,2021,2021-02-26,National Stadium,Karachi,Quetta Gladiators,Peshawar Zalmi,Peshawar Zalmi,bowl,Peshawar Zalmi,,3,False,False,False,completed,c13e34f4
1247019,2021,2021-02-27,National Stadium,Karachi,Multan Sultans,Karachi Kings,Karachi Kings,bowl,Karachi Kings,,7,False,False,False,completed,8a75e999
1247020,2021,2021-02-27,National Stadium,Karachi,Islamabad United,Peshawar Zalmi,Peshawar Zalmi,bowl,Peshawar Zalmi,,6,False,False,False,completed,b3118300
1247021,2021,2021-02-28,National Stadium,Karachi,Karachi Kings,Lahore Qalandars,Lahore Qalandars,bowl,Lahore Qalandars,,6,False,False,False,completed,45a7e761
1247022,2021,2021-03-02,National Stadium,Karachi,Quetta Gladiators,Islamabad United,Islamabad United,bowl,Islamabad United,,6,False,False,False,completed,bd4ea627
1247023,2021,2021-03-03,National Stadium,Karachi,Peshawar Zalmi,Karachi Kings,Karachi Kings,bowl,Karachi Kings,,6,False,False,False,completed,62af8546
1247024,2021,2021-03-03,National Stadium,Karachi,Quetta Gladiators,Multan Sultans,Multan Sultans,bowl,Quetta Gladiators,22,,False,False,False,completed,8d5d991e
1247025,2021,2021-06-10,Sheikh Zayed Stadium,Abu Dhabi,Multan Sultans,Karachi Kings,Karachi Kings,bowl,Multan Sultans,12,,False,False,False,completed,cad00a4d
1247026,2021,2021-06-10,Sheikh Zayed Stadium,Abu Dhabi,Lahore Qalandars,Peshawar Zalmi,Peshawar Zalmi,bowl,Lahore Qalandars,10,,False,False,False,completed,5f547c8b
1247027,2021,2021-06-09,Sheikh Zayed Stadium,Abu Dhabi,Islamabad United,Lahore Qalandars,Lahore Qalandars,bowl,Lahore Qalandars,,5,False,False,False,completed,5f547c8b
1247028,2021,2021-06-11,Sheikh Zayed Stadium,Abu Dhabi,Quetta Gladiators,Islamabad United,Islamabad United,bowl,Islamabad United,,10,False,False,False,completed,af2c687b
1247029,2021,2021-06-13,Sheikh Zayed Stadium,Abu Dhabi,Islamabad United,Lahore Qalandars,Islamabad United,bat,Islamabad United,28,,False,False,False,completed,0a4736eb
1247030,2021,2021-06-12,Sheikh Zayed Stadium,Abu Dhabi,Peshawar Zalmi,Quetta Gladiators,Quetta Gladiators,bowl,Peshawar Zalmi,61,,False,False,False,completed,d67d5f00
1247031,2021,2021-06-13,Sheikh Zayed Stadium,Abu Dhabi,Peshawar Zalmi,Multan Sultans,Multan Sultans,bowl,Multan Sultans,,8,False,False,False,completed,7ccbb09f
1247032,2021,2021-06-14,Sheikh Zayed Stadium,Abu Dhabi,Karachi Kings,Islamabad United,Islamabad United,bowl,Islamabad United,,8,False,False,False,completed,29e253dd
1247033,2021,2021-06-15,Sheikh Zayed Stadium,Abu Dhabi,Quetta Gladiators,Lahore Qalandars,Lahore Qalandars,bowl,Quetta Gladiators,18,,False,False,False,completed,f0e722e0
1247034,2021,2021-06-15,Sheikh Zayed Stadium,Abu Dhabi,Karachi Kings,Peshawar Zalmi,Peshawar Zalmi,bowl,Peshawar Zalmi,,6,False,False,False,completed,5ea51c25
1247035,2021,2021-06-16,Sheikh Zayed Stadium,Abu Dhabi,Multan Sultans,Quetta Gladiators,Quetta Gladiators,bowl,Multan Sultans,110,,False,False,False,completed,6843a783
1247036,2021,2021-06-17,Sheikh Zayed Stadium,Abu Dhabi,Islamabad United,Peshawar Zalmi,Peshawar Zalmi,bowl,Islamabad United,15,,False,False,False,completed,331ea488
1247037,2021,2021-06-17,Sheikh Zayed Stadium,Abu Dhabi,Karachi Kings,Lahore Qalandars,Karachi Kings,bat,Karachi Kings,7,,False,False,False,completed,efc04be7
1247038,2021,2021-06-18,Sheikh Zayed Stadium,Abu Dhabi,Multan Sultans,Lahore Qalandars,Lahore Qalandars,bowl,Multan Sultans,80,,False,False,False,completed,7ccbb09f
1247039,2021,2021-06-19,Sheikh Zayed Stadium,Abu Dhabi,Karachi Kings,Quetta Gladiators,Karachi Kings,bat,Karachi Kings,14,,False,False,False,completed,a4799701
1247040,2021,2021-06-19,Sheikh Zayed Stadium,Abu Dhabi,Multan Sultans,Islamabad United,Islamabad United,bowl,Islamabad United,,4,False,False,False,completed,9e9af5f2
1247041,2021,2021-06-21,Sheikh Zayed Stadium,Abu Dhabi,Multan Sultans,Islamabad United,Multan Sultans,bat,Multan Sultans,31,,False,False,False,completed,64d43928
1247042,2021,2021-06-21,Sheikh Zayed Stadium,Abu Dhabi,Karachi Kings,Peshawar Zalmi,Peshawar Zalmi,bowl,Peshawar Zalmi,,5,False,False,False,completed,5ea51c25
1247043,2021,2021-06-22,Sheikh Zayed Stadium,Abu Dhabi,Islamabad United,Peshawar Zalmi,Peshawar Zalmi,bowl,Peshawar Zalmi,,8,False,False,False,completed,5ea51c25
1247044,2021,2021-06-24,Sheikh Zayed Stadium,Abu Dhabi,Multan Sultans,Peshawar Zalmi,Peshawar Zalmi,bowl,Multan Sultans,47,,False,False,False,completed,b98b5e1c
1293000,2022,2022-01-27,National Stadium,Karachi,Karachi Kings,Multan Sultans,Multan Sultans,bowl,Multan Sultans,,7,False,False,False,completed,acee4cc4
1293001,2022,2022-01-28,National Stadium,Karachi,Quetta Gladiators,Peshawar Zalmi,Peshawar Zalmi,bowl,Peshawar Zalmi,,5,False,False,False,completed,4e18e961
1293002,2022,2022-01-29,National Stadium,Karachi,Lahore Qalandars,Multan Sultans,Multan Sultans,bowl,Multan Sultans,,5,False,False,False,completed,6843a783
1293003,2022,2022-01-29,National Stadium,Karachi,Karachi Kings,Quetta Gladiators,Quetta Gladiators,bowl,Quetta Gladiators,,8,False,False,False,completed,9c9af282
1293004,2022,2022-01-30,National Stadium,Karachi,Peshawar Zalmi,Islamabad United,Islamabad United,bowl,Islamabad United,,9,False,False,False,completed,cf494ffe
1293005,2022,2022-01-30,National Stadium,Karachi,Karachi Kings,Lahore Qalandars,Lahore Qalandars,bowl,Lahore Qalandars,,6,False,False,False,completed,1777c020
1293006,2022,2022-01-31,National Stadium,Karachi,Multan Sultans,Quetta Gladiators,Quetta Gladiators,bowl,Multan Sultans,6,,False,False,False,completed,6843a783
1293007,2022,2022-02-01,National Stadium,Karachi,Multan Sultans,Islamabad United,Islamabad United,bowl,Multan Sultans,20,,False,False,False,completed,f1f99156
1293008,2022,2022-02-02,National Stadium,Karachi,Lahore Qalandars,Peshawar Zalmi,Peshawar Zalmi,bowl,Lahore Qalandars,29,,False,False,False,completed,28392e11
1293009,2022,2022-02-03,National Stadium,Karachi,Islamabad United,Quetta Gladiators,Quetta Gladiators,bowl,Islamabad United,43,,False,False,False,completed,af2c687b
1293010,2022,2022-02-04,National Stadium,Karachi,Peshawar Zalmi,Karachi Kings,Karachi Kings,bowl,Peshawar Zalmi,9,,False,False,False,completed,64c34cd0
1293011,2022,2022-02-05,National Stadium,Karachi,Lahore Qalandars,Islamabad United,Islamabad United,bowl,Lahore Qalandars,8,,False,False,False,completed,28392e11
1293012,2022,2022-02-05,National Stadium,Karachi,Multan Sultans,Peshawar Zalmi,Peshawar Zalmi,bowl,Multan Sultans,57,,False,False,False,completed,2f26ac1a
1293013,2022,2022-02-06,National Stadium,Karachi,Islamabad United,Karachi Kings,Islamabad United,bat,Islamabad United,42,,False,False,False,completed,9de62878
1293014,2022,2022-02-07,National Stadium,Karachi,Lahore Qalandars,Quetta Gladiators,Quetta Gladiators,bowl,Quetta Gladiators,,7,False,False,False,completed,d1c36f5c
1293015,2022,2022-02-10,Gaddafi Stadium,Lahore,Multan Sultans,Peshawar Zalmi,Peshawar Zalmi,bowl,Multan Sultans,42,,False,False,False,completed,6843a783
1293016,2022,2022-02-11,Gaddafi Stadium,Lahore,Lahore Qalandars,Multan Sultans,Multan Sultans,bowl,Lahore Qalandars,52,,False,False,False,completed,1777c020
1293017,2022,2022-02-12,Gaddafi Stadium,Lahore,Islamabad United,Quetta Gladiators,Quetta Gladiators,bowl,Quetta Gladiators,,5,False,False,False,completed,2254ab79
1293018,2022,2022-02-13,Gaddafi Stadium,Lahore,Peshawar Zalmi,Karachi Kings,Karachi Kings,bowl,Peshawar Zalmi,55,,False,False,False,completed,ff3f6fc1
1293019,2022,2022-02-13,Gaddafi Stadium,Lahore,Quetta Gladiators,Lahore Qalandars,Lahore Qalandars,bowl,Lahore Qalandars,,8,False,False,False,completed,45a7e761
1293020,2022,2022-02-14,Gaddafi Stadium,Lahore,Islamabad United,Karachi Kings,Karachi Kings,bowl,Islamabad United,1,,False,False,False,completed,0a4736eb
1293021,2022,2022-02-15,Gaddafi Stadium,Lahore,Peshawar Zalmi,Quetta Gladiators,Peshawar Zalmi,bat,Peshawar Zalmi,24,,False,False,False,completed,bb4b445b
1293022,2022,2022-02-16,Gaddafi Stadium,Lahore,Karachi Kings,Multan Sultans,Karachi Kings,bat,Multan Sultans,,7,False,False,False,completed,2f26ac1a
1293023,2022,2022-02-17,Gaddafi Stadium,Lahore,Peshawar Zalmi,Islamabad United,Peshawar Zalmi,bat,Peshawar Zalmi,10,,False,False,False,completed,ff3f6fc1
1293024,2022,2022-02-18,Gaddafi Stadium,Lahore,Multan Sultans,Quetta Gladiators,Multan Sultans,bat,Multan Sultans,117,,False,False,False,completed,cad00a4d
1293025,2022,2022-02-18,Gaddafi Stadium,Lahore,Karachi Kings,Lahore Qalandars,Karachi Kings,bat,Karachi Kings,22,,False,False,False,completed,cb1a782a
1293026,2022,2022-02-19,Gaddafi Stadium,Lahore,Lahore Qalandars,Islamabad United,Lahore Qalandars,bat,Lahore Qalandars,66,,False,False,False,completed,4ae1755b
1293027,2022,2022-02-20,Gaddafi Stadium,Lahore,Quetta Gladiators,Karachi Kings,Quetta Gladiators,bat,Quetta Gladiators,23,,False,False,False,completed,27c5715d
1293028,2022,2022-02-20,Gaddafi Stadium,Lahore,Islamabad United,Multan Sultans,Islamabad United,bat,Multan Sultans,,6,False,False,False,completed,acee4cc4
1293029,2022,2022-02-21,Gaddafi Stadium,Lahore,Peshawar Zalmi,Lahore Qalandars,Peshawar Zalmi,bat,Peshawar Zalmi,,,True,True,False,completed,b3118300
1293030,2022,2022-02-23,Gaddafi Stadium,Lahore,Multan Sultans,Lahore Qalandars,Lahore Qalandars,bowl,Multan Sultans,28,,False,False,False,completed,7ccbb09f
1293031,2022,2022-02-24,Gaddafi Stadium,Lahore,Peshawar Zalmi,Islamabad United,Peshawar Zalmi,bat,Islamabad United,,5,False,False,False,completed,bd4ea627
1293032,2022,2022-02-25,Gaddafi Stadium,Lahore,Lahore Qalandars,Islamabad United,Lahore Qalandars,bat,Lahore Qalandars,6,,False,False,False,completed,aa8d28ae
1293033,2022,2022-02-27,Gaddafi Stadium,Lahore,Lahore Qalandars,Multan Sultans,Lahore Qalandars,bat,Lahore Qalandars,42,,False,False,False,completed,9ab63e7b
1354924,2023,2023-02-13,Multan Cricket Stadium,Multan,Lahore Qalandars,Multan Sultans,Multan Sultans,bowl,Lahore Qalandars,1,,False,False,False,completed,1777c020
1354925,2023,2023-02-14,National Stadium,Karachi,Peshawar Zalmi,Karachi Kings,Karachi Kings,bowl,Peshawar Zalmi,2,,False,False,False,completed,f836b33d
1354926,2023,2023-02-15,Multan Cricket Stadium,Multan,Quetta Gladiators,Multan Sultans,Multan Sultans,bowl,Multan Sultans,,9,False,False,False,completed,c290033d
1354927,2023,2023-02-16,National Stadium,Karachi,Karachi Kings,Islamabad United,Islamabad United,bowl,Islamabad United,,4,False,False,False,completed,af2c687b
1354928,2023,2023-02-17,Multan Cricket Stadium,Multan,Multan Sultans,Peshawar Zalmi,Peshawar Zalmi,bowl,Multan Sultans,56,,False,False,False,completed,cad00a4d
1354929,2023,2023-02-18,National Stadium,Karachi,Quetta Gladiators,Karachi Kings,Karachi Kings,bowl,Quetta Gladiators,6,,False,False,False,completed,2be41edb
1354930,2023,2023-02-19,Multan Cricket Stadium,Multan,Multan Sultans,Islamabad United,Islamabad United,bowl,Multan Sultans,52,,False,False,False,completed,2cec2a92
1354931,2023,2023-02-19,National Stadium,Karachi,Karachi Kings,Lahore Qalandars,Lahore Qalandars,bowl,Karachi Kings,67,,False,False,False,completed,9cb8d7a6
1354932,2023,2023-02-20,National Stadium,Karachi,Quetta Gladiators,Peshawar Zalmi,Peshawar Zalmi,bowl,Peshawar Zalmi,,4,False,False,False,completed,9219eff0
1354933,2023,2023-02-21,National Stadium,Karachi,Lahore Qalandars,Quetta Gladiators,Quetta Gladiators,bowl,Lahore Qalandars,63,,False,False,False,completed,45a7e761
1354934,2023,2023-02-22,Multan Cricket Stadium,Multan,Multan Sultans,Karachi Kings,Karachi Kings,bowl,Multan Sultans,3,,False,False,False,completed,2f26ac1a
1354935,2023,2023-02-23,National Stadium,Karachi,Peshawar Zalmi,Islamabad United,Islamabad United,bowl,Islamabad United,,6,False,False,False,completed,2911de16
1354936,2023,2023-02-24,National Stadium,Karachi,Islamabad United,Quetta Gladiators,Islamabad United,bat,Islamabad United,63,,False,False,False,completed,ee8f1a6d
1354937,2023,2023-02-26,National Stadium,Karachi,Karachi Kings,Multan Sultans,Multan Sultans,bowl,Karachi Kings,66,,False,False,False,completed,a03bba42
1354938,2023,2023-02-26,Gaddafi Stadium,Lahore,Lahore Qalandars,Peshawar Zalmi,Lahore Qalandars,bat,Lahore Qalandars,40,,False,False,False,completed,1777c020
1354939,2023,2023-02-27,Gaddafi Stadium,Lahore,Lahore Qalandars,Islamabad United,Lahore Qalandars,bat,Lahore Qalandars,110,,False,False,False,completed,aa8d28ae
1354940,2023,2023-03-01,Rawalpindi Cricket Stadium,Rawalpindi,Peshawar Zalmi,Karachi Kings,Karachi Kings,bowl,Peshawar Zalmi,24,,False,False,False,completed,650d5e49
1354941,2023,2023-03-02,Gaddafi Stadium,Lahore,Lahore Qalandars,Quetta Gladiators,Quetta Gladiators,bowl,Lahore Qalandars,17,,False,False,False,completed,26d041c4
1354942,2023,2023-03-03,Rawalpindi Cricket Stadium,Rawalpindi,Karachi Kings,Islamabad United,Karachi Kings,bat,Islamabad United,,6,False,False,False,completed,ee8f1a6d
1354943,2023,2023-03-04,Gaddafi Stadium,Lahore,Lahore Qalandars,Multan Sultans,Lahore Qalandars,bat,Lahore Qalandars,21,,False,False,False,completed,5f547c8b
1354944,2023,2023-03-05,Rawalpindi Cricket Stadium,Rawalpindi,Quetta Gladiators,Islamabad United,Islamabad United,bowl,Islamabad United,,2,False,False,False,completed,e9c7f0d0
1354945,2023,2023-03-06,Rawalpindi Cricket Stadium,Rawalpindi,Karachi Kings,Quetta Gladiators,Quetta Gladiators,bowl,Quetta Gladiators,,4,False,False,False,completed,2be41edb
1354946,2023,2023-03-07,Rawalpindi Cricket Stadium,Rawalpindi,Peshawar Zalmi,Lahore Qalandars,Peshawar Zalmi,bat,Peshawar Zalmi,35,,False,False,False,completed,33609a8c
1354947,2023,2023-03-07,Rawalpindi Cricket Stadium,Rawalpindi,Multan Sultans,Islamabad United,Islamabad United,bowl,Islamabad United,,2,False,False,False,completed,bd4ea627
1354948,2023,2023-03-08,Rawalpindi Cricket Stadium,Rawalpindi,Peshawar Zalmi,Quetta Gladiators,Peshawar Zalmi,bat,Quetta Gladiators,,8,False,False,False,completed,d1c36f5c
1354949,2023,2023-03-09,Rawalpindi Cricket Stadium,Rawalpindi,Lahore Qalandars,Islamabad United,Lahore Qalandars,bat,Lahore Qalandars,119,,False,False,False,completed,1777c020
1354950,2023,2023-03-10,Rawalpindi Cricket Stadium,Rawalpindi,Peshawar Zalmi,Multan Sultans,Peshawar Zalmi,bat,Multan Sultans,,4,False,False,False,completed,cad00a4d
1354951,2023,2023-03-11,Rawalpindi Cricket Stadium,Rawalpindi,Multan Sultans,Quetta Gladiators,Quetta Gladiators,bowl,Multan Sultans,9,,False,False,False,completed,2cec2a92
1354952,2023,2023-03-12,Rawalpindi Cricket Stadium,Rawalpindi,Peshawar Zalmi,Islamabad United,Islamabad United,bowl,Peshawar Zalmi,13,,False,False,False,completed,ff3f6fc1
1354953,2023,2023-03-12,Gaddafi Stadium,Lahore,Karachi Kings,Lahore Qalandars,Karachi Kings,bat,Karachi Kings,86,,False,False,False,completed,9739e85c
1354954,2023,2023-03-15,Gaddafi Stadium,Lahore,Multan Sultans,Lahore Qalandars,Multan Sultans,bat,Multan Sultans,84,,False,False,False,completed,a757b0d8
1354955,2023,2023-03-16,Gaddafi Stadium,Lahore,Peshawar Zalmi,Islamabad United,Islamabad United,bowl,Peshawar Zalmi,12,,False,False,False,completed,a8e54ef4
1354956,2023,2023-03-17,Gaddafi Stadium,Lahore,Peshawar Zalmi,Lahore Qalandars,Peshawar Zalmi,bat,Lahore Qalandars,,4,False,False,False,completed,96ce6752
1354957,2023,2023-03-18,Gaddafi Stadium,Lahore,Lahore Qalandars,Multan Sultans,Lahore Qalandars,bat,Lahore Qalandars,1,,False,False,False,completed,45a7e761
1416472,2024,2024-02-17,Gaddafi Stadium,Lahore,Lahore Qalandars,Islamabad United,Islamabad United,bowl,Islamabad United,,8,False,False,False,completed,9de62878
1416473,2024,2024-02-18,Gaddafi Stadium,Lahore,Quetta Gladiators,Peshawar Zalmi,Peshawar Zalmi,bowl,Quetta Gladiators,16,,False,False,False,completed,d07c1b2f
1416474,2024,2024-02-18,Multan Cricket Stadium,Multan,Multan Sultans,Karachi Kings,Karachi Kings,bowl,Multan Sultans,55,,False,False,False,completed,b8cc58c9
1416475,2024,2024-02-19,Gaddafi Stadium,Lahore,Lahore Qalandars,Quetta Gladiators,Lahore Qalandars,bat,Quetta Gladiators,,5,False,False,False,completed,3cf54e77
1416476,2024,2024-02-20,Multan Cricket Stadium,Multan,Islamabad United,Multan Sultans,Multan Sultans,bowl,Multan Sultans,,5,False,False,False,completed,a86a37ab
1416477,2024,2024-02-21,Gaddafi Stadium,Lahore,Peshawar Zalmi,Karachi Kings,Karachi Kings,bowl,Karachi Kings,,7,False,False,False,completed,cb1a782a
1416478,2024,2024-02-21,Multan Cricket Stadium,Multan,Lahore Qalandars,Multan Sultans,Lahore Qalandars,bat,Multan Sultans,,5,False,False,False,completed,2f26ac1a
1416479,2024,2024-02-22,Gaddafi Stadium,Lahore,Islamabad United,Quetta Gladiators,Quetta Gladiators,bowl,Quetta Gladiators,,3,False,False,False,completed,cad00a4d
1416480,2024,2024-02-23,Multan Cricket Stadium,Multan,Peshawar Zalmi,Multan Sultans,Peshawar Zalmi,bat,Peshawar Zalmi,5,,False,False,False,completed,65b6943c
1416481,2024,2024-02-24,Gaddafi Stadium,Lahore,Lahore Qalandars,Karachi Kings,Karachi Kings,bowl,Karachi Kings,,2,False,False,False,completed,a757b0d8
1416482,2024,2024-02-25,Multan Cricket Stadium,Multan,Multan Sultans,Quetta Gladiators,Quetta Gladiators,bowl,Multan Sultans,13,,False,False,False,completed,a86a37ab
1416483,2024,2024-02-25,Gaddafi Stadium,Lahore,Peshawar Zalmi,Lahore Qalandars,Lahore Qalandars,bowl,Peshawar Zalmi,8,,False,False,False,completed,33609a8c
1416484,2024,2024-02-26,Gaddafi Stadium,Lahore,Peshawar Zalmi,Islamabad United,Islamabad United,bowl,Peshawar Zalmi,8,,False,False,False,completed,8a75e999
1416485,2024,2024-02-27,Gaddafi Stadium,Lahore,Multan Sultans,Lahore Qalandars,Multan Sultans,bat,Multan Sultans,60,,False,False,False,completed,bafb9238
1416486,2024,2024-02-28,National Stadium,Karachi,Karachi Kings,Islamabad United,Islamabad United,bowl,Islamabad United,,7,False,False,False,completed,
1416487,2024,2024-02-29,National Stadium,Karachi,Karachi Kings,Quetta Gladiators,Quetta Gladiators,bowl,Quetta Gladiators,,5,False,False,False,completed,d014d5ac
1416490,2024,2024-03-03,National Stadium,Karachi,Multan Sultans,Karachi Kings,Multan Sultans,bat,Multan Sultans,20,,False,False,False,completed,bafb9238
1416491,2024,2024-03-04,Rawalpindi Cricket Stadium,Rawalpindi,Islamabad United,Peshawar Zalmi,Peshawar Zalmi,bowl,Islamabad United,29,,False,False,False,completed,9de62878
1416492,2024,2024-03-05,Rawalpindi Cricket Stadium,Rawalpindi,Peshawar Zalmi,Multan Sultans,Peshawar Zalmi,bat,Peshawar Zalmi,4,,False,False,False,completed,8a75e999
1416493,2024,2024-03-06,Rawalpindi Cricket Stadium,Rawalpindi,Quetta Gladiators,Karachi Kings,Karachi Kings,bowl,Karachi Kings,,7,False,False,False,completed,2911de16
1416494,2024,2024-03-06,Rawalpindi Cricket Stadium,Rawalpindi,Lahore Qalandars,Islamabad United,Islamabad United,bowl,Lahore Qalandars,17,,False,False,False,completed,9948e262
1416495,2024,2024-03-07,Rawalpindi Cricket Stadium,Rawalpindi,Karachi Kings,Islamabad United,Islamabad United,bowl,Islamabad United,,5,False,False,False,completed,bd4ea627
1416496,2024,2024-03-08,Rawalpindi Cricket Stadium,Rawalpindi,Peshawar Zalmi,Quetta Gladiators,Quetta Gladiators,bowl,Peshawar Zalmi,76,,False,False,False,completed,33609a8c
1416497,2024,2024-03-09,National Stadium,Karachi,Lahore Qalandars,Karachi Kings,Karachi Kings,bowl,Karachi Kings,,3,False,False,False,completed,ee95065d
1416498,2024,2024-03-10,Rawalpindi Cricket Stadium,Rawalpindi,Multan Sultans,Islamabad United,Islamabad United,bowl,Islamabad United,,3,False,False,False,completed,af2c687b
1416499,2024,2024-03-10,National Stadium,Karachi,Lahore Qalandars,Quetta Gladiators,Lahore Qalandars,bat,Quetta Gladiators,,6,False,False,False,completed,d07c1b2f
1416500,2024,2024-03-11,National Stadium,Karachi,Peshawar Zalmi,Karachi Kings,Peshawar Zalmi,bat,Peshawar Zalmi,2,,False,False,False,completed,8a75e999
1416501,2024,2024-03-12,National Stadium,Karachi,Multan Sultans,Quetta Gladiators,Quetta Gladiators,bowl,Multan Sultans,79,,False,False,False,completed,2f26ac1a
1416502,2024,2024-03-14,National Stadium,Karachi,Peshawar Zalmi,Multan Sultans,Peshawar Zalmi,bat,Multan Sultans,,7,False,False,False,completed,6dd8b88c
1416503,2024,2024-03-15,National Stadium,Karachi,Islamabad United,Quetta Gladiators,Islamabad United,bat,Islamabad United,39,,False,False,False,completed,9cb8d7a6
1416504,2024,2024-03-16,National Stadium,Karachi,Peshawar Zalmi,Islamabad United,Islamabad United,bowl,Islamabad United,,5,False,False,False,completed,9cb8d7a6
1416505,2024,2024-03-18,National Stadium,Karachi,Multan Sultans,Islamabad United,Multan Sultans,bat,Islamabad United,,2,False,False,False,completed,9cb8d7a6
1475238,2025,2025-04-11,Rawalpindi Cricket Stadium,Rawalpindi,Lahore Qalandars,Islamabad United,Islamabad United,bowl,Islamabad United,,8,False,False,False,completed,0f721006
1475239,2025,2025-04-12,Rawalpindi Cricket Stadium,Rawalpindi,Quetta Gladiators,Peshawar Zalmi,Peshawar Zalmi,bowl,Quetta Gladiators,80,,False,False,False,completed,abb7c76c
1475240,2025,2025-04-12,National Stadium,Karachi,Multan Sultans,Karachi Kings,Karachi Kings,bowl,Karachi Kings,,4,False,False,False,completed,a15618fe
1475241,2025,2025-04-13,Rawalpindi Cricket Stadium,Rawalpindi,Lahore Qalandars,Quetta Gladiators,Quetta Gladiators,bowl,Lahore Qalandars,79,,False,False,False,completed,1777c020
1475242,2025,2025-04-14,Rawalpindi Cricket Stadium,Rawalpindi,Islamabad United,Peshawar Zalmi,Islamabad United,bat,Islamabad United,102,,False,False,False,completed,1aba45cd
1475243,2025,2025-04-15,National Stadium,Karachi,Lahore Qalandars,Karachi Kings,Lahore Qalandars,bat,Lahore Qalandars,65,,False,False,False,completed,1777c020
1475244,2025,2025-04-16,Rawalpindi Cricket Stadium,Rawalpindi,Islamabad United,Multan Sultans,Multan Sultans,bowl,Islamabad United,47,,False,False,False,completed,0f721006
1475245,2025,2025-04-18,National Stadium,Karachi,Karachi Kings,Quetta Gladiators,Karachi Kings,bat,Karachi Kings,56,,False,False,False,completed,a15618fe
1475246,2025,2025-04-19,Rawalpindi Cricket Stadium,Rawalpindi,Peshawar Zalmi,Multan Sultans,Peshawar Zalmi,bat,Peshawar Zalmi,120,,False,False,False,completed,8e554b6b
1475247,2025,2025-04-20,National Stadium,Karachi,Karachi Kings,Islamabad United,Islamabad United,bowl,Islamabad United,,6,False,False,False,completed,9de62878
1475248,2025,2025-04-21,National Stadium,Karachi,Peshawar Zalmi,Karachi Kings,Karachi Kings,bowl,Karachi Kings,,2,False,False,False,completed,fce581b5
1475249,2025,2025-04-22,Multan Cricket Stadium,Multan,Multan Sultans,Lahore Qalandars,Multan Sultans,bat,Multan Sultans,33,,False,False,False,completed,4f1bb625
1475250,2025,2025-04-23,Multan Cricket Stadium,Multan,Multan Sultans,Islamabad United,Multan Sultans,bat,Islamabad United,,7,False,False,False,completed,d1305df0
1475251,2025,2025-04-24,Gaddafi Stadium,Lahore,Lahore Qalandars,Peshawar Zalmi,Peshawar Zalmi,bowl,Peshawar Zalmi,,7,False,False,False,completed,b0946605
1475252,2025,2025-04-25,Gaddafi Stadium,Lahore,Quetta Gladiators,Karachi Kings,Karachi Kings,bowl,Quetta Gladiators,5,,False,False,False,completed,abb7c76c
1475253,2025,2025-04-26,Gaddafi Stadium,Lahore,Multan Sultans,Lahore Qalandars,Lahore Qalandars,bowl,Lahore Qalandars,,5,False,False,False,completed,eade4650
1475254,2025,2025-04-27,Gaddafi Stadium,Lahore,Quetta Gladiators,Peshawar Zalmi,Peshawar Zalmi,bowl,Quetta Gladiators,64,,False,False,False,completed,bd4ea627
1475255,2025,2025-04-29,Gaddafi Stadium,Lahore,Multan Sultans,Quetta Gladiators,Quetta Gladiators,bowl,Quetta Gladiators,,10,False,False,False,completed,27c5715d
1475256,2025,2025-04-30,Gaddafi Stadium,Lahore,Lahore Qalandars,Islamabad United,Islamabad United,bowl,Lahore Qalandars,88,,False,False,False,completed,26d041c4
1475257,2025,2025-05-01,Gaddafi Stadium,Lahore,Karachi Kings,Multan Sultans,Karachi Kings,bat,Karachi Kings,87,,False,False,False,completed,a15618fe
1475258,2025,2025-05-01,Gaddafi Stadium,Lahore,Lahore Qalandars,Quetta Gladiators,Quetta Gladiators,bowl,,,,False,False,False,no_result,
1475259,2025,2025-05-02,Gaddafi Stadium,Lahore,Islamabad United,Peshawar Zalmi,Islamabad United,bat,Peshawar Zalmi,,6,False,False,False,completed,6d9560f3
1475260,2025,2025-05-03,Gaddafi Stadium,Lahore,Islamabad United,Quetta Gladiators,Quetta Gladiators,bowl,Quetta Gladiators,,2,False,False,False,completed,26a8b2fe
1475261,2025,2025-05-04,Gaddafi Stadium,Lahore,Lahore Qalandars,Karachi Kings,Karachi Kings,bowl,Karachi Kings,,4,False,False,True,completed,ee95065d
1475262,2025,2025-05-05,Multan Cricket Stadium,Multan,Multan Sultans,Peshawar Zalmi,Multan Sultans,bat,Peshawar Zalmi,,7,False,False,False,completed,9656afbf
1475263,2025,2025-05-07,Rawalpindi Cricket Stadium,Rawalpindi,Quetta Gladiators,Islamabad United,Islamabad United,bowl,Quetta Gladiators,109,,False,False,False,completed,cad00a4d
1475264,2025,2025-05-17,Rawalpindi Cricket Stadium,Rawalpindi,Karachi Kings,Peshawar Zalmi,Peshawar Zalmi,bowl,Karachi Kings,23,,False,False,False,completed,dcce6f09
1475265,2025,2025-05-18,Rawalpindi Cricket Stadium,Rawalpindi,Multan Sultans,Quetta Gladiators,Multan Sultans,bat,Quetta Gladiators,,2,False,False,False,completed,26a8b2fe
1475266,2025,2025-05-18,Rawalpindi Cricket Stadium,Rawalpindi,Lahore Qalandars,Peshawar Zalmi,Peshawar Zalmi,bowl,Lahore Qalandars,26,,False,False,False,completed,7ab1eab7
1475267,2025,2025-05-19,Rawalpindi Cricket Stadium,Rawalpindi,Islamabad United,Karachi Kings,Karachi Kings,bowl,Islamabad United,79,,False,False,False,completed,92aeac25
1475268,2025,2025-05-21,Gaddafi Stadium,Lahore,Quetta Gladiators,Islamabad United,Quetta Gladiators,bat,Quetta Gladiators,30,,False,False,False,completed,bd4ea627
1475269,2025,2025-05-22,Gaddafi Stadium,Lahore,Karachi Kings,Lahore Qalandars,Karachi Kings,bat,Lahore Qalandars,,6,False,False,False,completed,fc2fffb5
1475270,2025,2025-05-23,Gaddafi Stadium,Lahore,Lahore Qalandars,Islamabad United,Lahore Qalandars,bat,Lahore Qalandars,95,,False,False,False,completed,7ab1eab7
1475271,2025,2025-05-25,Gaddafi Stadium,Lahore,Quetta Gladiators,Lahore Qalandars,Quetta Gladiators,bat,Lahore Qalandars,,6,False,False,False,completed,f21043a5
1527552,2026,2026-03-26,Gaddafi Stadium,Lahore,Lahore Qalandars,Hyderabad Kingsmen,Lahore Qalandars,bat,Lahore Qalandars,69,,False,False,False,completed,1777c020
1527553,2026,2026-03-27,Gaddafi Stadium,Lahore,Karachi Kings,Quetta Gladiators,Quetta Gladiators,bowl,Karachi Kings,14,,False,False,False,completed,bb351c23
1527554,2026,2026-03-28,Gaddafi Stadium,Lahore,Rawalpindiz,Peshawar Zalmi,Rawalpindiz,bat,Peshawar Zalmi,,5,False,False,False,completed,e38bce7a
1527555,2026,2026-03-28,Gaddafi Stadium,Lahore,Islamabad United,Multan Sultans,Multan Sultans,bowl,Multan Sultans,,5,False,False,False,completed,17ea3bee
1527556,2026,2026-03-29,Gaddafi Stadium,Lahore,Quetta Gladiators,Hyderabad Kingsmen,Quetta Gladiators,bat,Quetta Gladiators,40,,False,False,False,completed,d3395043
1527557,2026,2026-03-29,Gaddafi Stadium,Lahore,Lahore Qalandars,Karachi Kings,Lahore Qalandars,bat,Karachi Kings,,4,False,False,False,completed,14f96089
1527559,2026,2026-04-01,Gaddafi Stadium,Lahore,Hyderabad Kingsmen,Multan Sultans,Hyderabad Kingsmen,bat,Multan Sultans,,6,False,False,False,completed,1aba45cd
1527560,2026,2026-04-02,Gaddafi Stadium,Lahore,Quetta Gladiators,Islamabad United,Quetta Gladiators,bat,Islamabad United,,8,False,False,False,completed,9de62878
1527561,2026,2026-04-02,Gaddafi Stadium,Lahore,Rawalpindiz,Karachi Kings,Karachi Kings,bowl,Karachi Kings,,5,False,False,False,completed,ee8f1a6d
1527562,2026,2026-04-03,Gaddafi Stadium,Lahore,Lahore Qalandars,Multan Sultans,Multan Sultans,bowl,Lahore Qalandars,20,,False,False,False,completed,e35b7b91
1527563,2026,2026-04-04,Gaddafi Stadium,Lahore,Rawalpindiz,Islamabad United,Islamabad United,bowl,Islamabad United,,7,False,False,False,completed,62fd0c5e
1527564,2026,2026-04-05,Gaddafi Stadium,Lahore,Quetta Gladiators,Multan Sultans,Multan Sultans,bowl,Multan Sultans,,6,False,False,False,completed,3086f7a4
1527565,2026,2026-04-06,Gaddafi Stadium,Lahore,Rawalpindiz,Multan Sultans,Multan Sultans,bowl,Multan Sultans,,7,False,False,False,completed,14661bf3
1527566,2026,2026-04-08,National Stadium,Karachi,Hyderabad Kingsmen,Peshawar Zalmi,Peshawar Zalmi,bowl,Peshawar Zalmi,,4,False,False,False,completed,29e253dd
1527567,2026,2026-04-09,National Stadium,Karachi,Lahore Qalandars,Islamabad United,Islamabad United,bowl,Islamabad United,,9,False,False,False,completed,19b9f399
1527568,2026,2026-04-09,National Stadium,Karachi,Peshawar Zalmi,Karachi Kings,Karachi Kings,bowl,Peshawar Zalmi,159,,False,False,False,completed,5d1e7582
1527569,2026,2026-04-10,National Stadium,Karachi,Quetta Gladiators,Rawalpindiz,Rawalpindiz,bowl,Quetta Gladiators,61,,False,False,False,completed,cad00a4d
1527570,2026,2026-04-11,National Stadium,Karachi,Peshawar Zalmi,Lahore Qalandars,Lahore Qalandars,bowl,Peshawar Zalmi,76,,False,False,False,completed,5d1e7582
1527571,2026,2026-04-11,National Stadium,Karachi,Karachi Kings,Hyderabad Kingsmen,Hyderabad Kingsmen,bowl,Hyderabad Kingsmen,,4,False,False,False,completed,486065b3
1527572,2026,2026-04-12,National Stadium,Karachi,Islamabad United,Hyderabad Kingsmen,Hyderabad Kingsmen,bowl,Hyderabad Kingsmen,,6,False,False,False,completed,fa433be6
1527573,2026,2026-04-13,National Stadium,Karachi,Peshawar Zalmi,Multan Sultans,Multan Sultans,bowl,Peshawar Zalmi,24,,False,False,False,completed,4277234d
1527574,2026,2026-04-15,National Stadium,Karachi,Quetta Gladiators,Peshawar Zalmi,Peshawar Zalmi,bowl,Peshawar Zalmi,,8,False,False,False,completed,4277234d
1527575,2026,2026-04-16,National Stadium,Karachi,Rawalpindiz,Hyderabad Kingsmen,Hyderabad Kingsmen,bowl,Hyderabad Kingsmen,,5,False,False,False,completed,3b8679bf
1527576,2026,2026-04-16,National Stadium,Karachi,Karachi Kings,Islamabad United,Islamabad United,bowl,Islamabad United,,8,False,False,False,completed,62fd0c5e
1527577,2026,2026-04-17,National Stadium,Karachi,Lahore Qalandars,Quetta Gladiators,Lahore Qalandars,bat,Quetta Gladiators,,6,False,False,False,completed,e94d1dcd
1527578,2026,2026-04-18,National Stadium,Karachi,Lahore Qalandars,Rawalpindiz,Lahore Qalandars,bat,Lahore Qalandars,32,,False,False,False,completed,1777c020
1527579,2026,2026-04-19,National Stadium,Karachi,Multan Sultans,Karachi Kings,Karachi Kings,bowl,Multan Sultans,11,,False,False,False,completed,f2e8b37c
1527580,2026,2026-04-19,National Stadium,Karachi,Peshawar Zalmi,Quetta Gladiators,Quetta Gladiators,bowl,Peshawar Zalmi,118,,False,False,False,completed,8a75e999
1527581,2026,2026-04-21,Gaddafi Stadium,Lahore,Lahore Qalandars,Quetta Gladiators,Lahore Qalandars,bat,Lahore Qalandars,9,,False,False,False,completed,1777c020
1527582,2026,2026-04-21,National Stadium,Karachi,Rawalpindiz,Multan Sultans,Rawalpindiz,bat,Multan Sultans,,6,False,False,False,completed,30a45b23
1527583,2026,2026-04-22,Gaddafi Stadium,Lahore,Karachi Kings,Peshawar Zalmi,Karachi Kings,bat,Peshawar Zalmi,,7,False,False,False,completed,5d1e7582
1527584,2026,2026-04-22,National Stadium,Karachi,Multan Sultans,Hyderabad Kingsmen,Hyderabad Kingsmen,bowl,Hyderabad Kingsmen,,4,False,False,False,completed,bafb9238
1527585,2026,2026-04-23,National Stadium,Karachi,Islamabad United,Rawalpindiz,Rawalpindiz,bowl,Rawalpindiz,,6,False,False,False,completed,2f26ac1a
1527586,2026,2026-04-23,Gaddafi Stadium,Lahore,Lahore Qalandars,Karachi Kings,Karachi Kings,bowl,Karachi Kings,,5,False,False,False,completed,fce581b5
1527587,2026,2026-04-24,National Stadium,Karachi,Hyderabad Kingsmen,Islamabad United,Islamabad United,bowl,Islamabad United,,8,False,False,False,completed,402f8494
1527588,2026,2026-04-25,Gaddafi Stadium,Lahore,Quetta Gladiators,Karachi Kings,Karachi Kings,bowl,Karachi Kings,,9,False,False,False,completed,dcce6f09
1527589,2026,2026-04-25,Gaddafi Stadium,Lahore,Peshawar Zalmi,Lahore Qalandars,Lahore Qalandars,bowl,Lahore Qalandars,,6,False,False,False,completed,1777c020
1527590,2026,2026-04-26,National Stadium,Karachi,Hyderabad Kingsmen,Rawalpindiz,Rawalpindiz,bowl,Hyderabad Kingsmen,108,,False,False,False,completed,3b8679bf
1527591,2026,2026-04-26,National Stadium,Karachi,Multan Sultans,Islamabad United,Islamabad United,bowl,Islamabad United,,4,False,False,False,completed,7fa12533
1527592,2026,2026-04-28,National Stadium,Karachi,Peshawar Zalmi,Islamabad United,Islamabad United,bowl,Peshawar Zalmi,70,,False,False,False,completed,8a75e999
1527593,2026,2026-04-29,Gaddafi Stadium,Lahore,Multan Sultans,Hyderabad Kingsmen,Hyderabad Kingsmen,bowl,Hyderabad Kingsmen,,8,False,False,False,completed,6d9560f3
1527594,2026,2026-05-01,Gaddafi Stadium,Lahore,Hyderabad Kingsmen,Islamabad United,Islamabad United,bowl,Hyderabad Kingsmen,2,,False,False,False,completed,3b8679bf
1527595,2026,2026-05-03,Gaddafi Stadium,Lahore,Hyderabad Kingsmen,Peshawar Zalmi,Peshawar Zalmi,bowl,Peshawar Zalmi,,5,False,False,False,completed,d405c0d5
959175,2016,2016-02-04,Dubai International Cricket Stadium,Dubai,Islamabad United,Quetta Gladiators,Quetta Gladiators,bowl,Quetta Gladiators,,8,False,False,False,completed,3086f7a4
959177,2016,2016-02-05,Dubai International Cricket Stadium,Dubai,Lahore Qalandars,Karachi Kings,Karachi Kings,bowl,Karachi Kings,,7,False,False,False,completed,7dc35884
959179,2016,2016-02-05,Dubai International Cricket Stadium,Dubai,Peshawar Zalmi,Islamabad United,Peshawar Zalmi,bat,Peshawar Zalmi,24,,False,False,False,completed,574665e2
959181,2016,2016-02-06,Dubai International Cricket Stadium,Dubai,Karachi Kings,Quetta Gladiators,Quetta Gladiators,bowl,Quetta Gladiators,,8,False,False,False,completed,f8fd6e3f
959183,2016,2016-02-06,Dubai International Cricket Stadium,Dubai,Lahore Qalandars,Peshawar Zalmi,Peshawar Zalmi,bowl,Peshawar Zalmi,,9,False,False,False,completed,3b041a12
959185,2016,2016-02-07,Dubai International Cricket Stadium,Dubai,Islamabad United,Karachi Kings,Karachi Kings,bowl,Islamabad United,2,,False,False,False,completed,05d74535
959187,2016,2016-02-07,Dubai International Cricket Stadium,Dubai,Peshawar Zalmi,Quetta Gladiators,Quetta Gladiators,bowl,Quetta Gladiators,,3,False,False,False,completed,3086f7a4
959189,2016,2016-02-08,Dubai International Cricket Stadium,Dubai,Lahore Qalandars,Quetta Gladiators,Quetta Gladiators,bowl,Lahore Qalandars,63,,False,False,False,completed,fd2bf2a0
959191,2016,2016-02-10,Sharjah Cricket Stadium,Sharjah,Lahore Qalandars,Islamabad United,Islamabad United,bowl,Islamabad United,,8,False,False,False,completed,193ef196
959195,2016,2016-02-11,Sharjah Cricket Stadium,Sharjah,Islamabad United,Quetta Gladiators,Quetta Gladiators,bowl,Quetta Gladiators,,7,False,False,False,completed,c03449e0
959197,2016,2016-02-12,Sharjah Cricket Stadium,Sharjah,Karachi Kings,Lahore Qalandars,Lahore Qalandars,bowl,Karachi Kings,27,,False,False,False,completed,7ca5e05d
959199,2016,2016-02-12,Sharjah Cricket Stadium,Sharjah,Islamabad United,Peshawar Zalmi,Peshawar Zalmi,bowl,Peshawar Zalmi,,7,False,False,False,completed,3b041a12
959201,2016,2016-02-13,Sharjah Cricket Stadium,Sharjah,Karachi Kings,Quetta Gladiators,Karachi Kings,bat,Quetta Gladiators,,5,False,False,False,completed,c03449e0
959203,2016,2016-02-13,Sharjah Cricket Stadium,Sharjah,Lahore Qalandars,Peshawar Zalmi,Peshawar Zalmi,bowl,Lahore Qalandars,4,,False,False,False,completed,afa78c3a
959205,2016,2016-02-14,Sharjah Cricket Stadium,Sharjah,Karachi Kings,Islamabad United,Islamabad United,bowl,Islamabad United,,5,False,False,False,completed,b8eddbdb
959207,2016,2016-02-14,Sharjah Cricket Stadium,Sharjah,Quetta Gladiators,Peshawar Zalmi,Quetta Gladiators,bat,Peshawar Zalmi,,8,False,False,False,completed,0dc00542
959209,2016,2016-02-16,Dubai International Cricket Stadium,Dubai,Lahore Qalandars,Quetta Gladiators,Quetta Gladiators,bowl,Quetta Gladiators,,2,False,False,False,completed,d3cefce5
959211,2016,2016-02-17,Dubai International Cricket Stadium,Dubai,Karachi Kings,Peshawar Zalmi,Karachi Kings,bat,Peshawar Zalmi,,5,False,False,False,completed,b57f8a9a
959213,2016,2016-02-17,Dubai International Cricket Stadium,Dubai,Lahore Qalandars,Islamabad United,Islamabad United,bowl,Islamabad United,,5,False,False,False,completed,a8e3170f
959215,2016,2016-02-19,Dubai International Cricket Stadium,Dubai,Quetta Gladiators,Peshawar Zalmi,Peshawar Zalmi,bowl,Quetta Gladiators,1,,False,False,False,completed,3086f7a4
959217,2016,2016-02-20,Dubai International Cricket Stadium,Dubai,Karachi Kings,Islamabad United,Islamabad United,bowl,Islamabad United,,9,False,False,False,completed,68ddabdb
959219,2016,2016-02-21,Dubai International Cricket Stadium,Dubai,Islamabad United,Peshawar Zalmi,Peshawar Zalmi,bowl,Islamabad United,50,,False,False,False,completed,193ef196
959221,2016,2016-02-23,Dubai International Cricket Stadium,Dubai,Quetta Gladiators,Islamabad United,Islamabad United,bowl,Islamabad United,,6,False,False,False,completed,35205dfc
